City,Cloudiness,Country,Date,Humidity,Latitude,Longitude,Max Temp,Wind Speed
rikitea,78.0,PF,1586638912,74.0,-23.12,-134.97,77.04,1.34
huron,75.0,US,1586638912,37.0,41.15,-82.55,57.0,12.75
carolina,20.0,PR,1586638745,70.0,18.38,-65.96,88.0,16.11
westport,75.0,US,1586638878,22.0,41.14,-73.36,55.99,12.75
dire dawa,51.0,ET,1586638899,46.0,9.59,41.87,73.35,3.36
hithadhoo,0.0,MV,1586638914,65.0,-0.6,73.08,84.56,6.38
butaritari,95.0,KI,1586638750,76.0,3.07,172.79,83.98,13.35
severnyy,75.0,RU,1586638915,68.0,50.68,36.55,35.6,11.18
boshnyakovo,97.0,RU,1586638915,90.0,49.63,142.17,25.88,4.25
hermanus,100.0,ZA,1586638750,71.0,-34.42,19.23,69.01,11.01
bethel,75.0,US,1586638748,27.0,41.37,-73.41,55.4,10.29
iqaluit,75.0,CA,1586638709,79.0,63.75,-68.51,23.0,13.87
kodiak,90.0,US,1586638916,75.0,57.79,-152.41,41.0,17.22
saint-philippe,33.0,RE,1586638917,78.0,-21.36,55.77,73.4,5.82
sosua,20.0,DO,1586638917,74.0,19.77,-70.52,93.2,5.82
pevek,62.0,RU,1586638917,91.0,69.7,170.31,6.39,13.24
yellowknife,20.0,CA,1586638918,52.0,62.46,-114.35,18.0,13.87
abu samrah,0.0,SY,1586638918,71.0,35.3,37.18,52.43,8.16
carnarvon,14.0,AU,1586638918,100.0,-24.87,113.63,75.2,11.41
ushuaia,75.0,AR,1586638919,70.0,-54.8,-68.3,44.6,27.51
cape town,75.0,ZA,1586638631,93.0,-33.93,18.42,64.99,18.34
puerto ayora,75.0,EC,1586638919,66.0,-0.74,-90.35,86.0,11.41
acari,30.0,PE,1586638920,57.0,-15.43,-74.62,79.0,7.36
prince rupert,1.0,CA,1586638920,32.0,54.32,-130.32,51.8,11.41
sur,63.0,OM,1586638920,67.0,22.57,59.53,78.96,13.2
new norfolk,75.0,AU,1586638921,57.0,-42.78,147.06,51.8,8.05
esparta,75.0,HN,1586638921,74.0,15.74,-87.18,87.8,2.24
olivet,58.0,FR,1586638922,51.0,47.86,1.9,64.0,1.12
busselton,96.0,AU,1586638750,62.0,-33.65,115.33,71.01,8.14
zaragoza,75.0,ES,1586638923,59.0,41.66,-0.88,62.6,10.29
kiruna,76.0,SE,1586638923,67.0,67.86,20.23,23.0,6.93
ribeira grande,20.0,PT,1586638923,77.0,38.52,-28.7,62.6,3.36
sayyan,47.0,YE,1586638923,34.0,15.17,44.32,61.39,1.66
copiapo,20.0,CL,1586638924,60.0,-27.37,-70.33,68.0,12.75
mataura,100.0,NZ,1586638924,71.0,-46.19,168.86,55.0,3.0
bathsheba,20.0,BB,1586638925,62.0,13.22,-59.52,84.2,13.87
punta arenas,40.0,CL,1586638800,61.0,-53.15,-70.92,48.2,19.46
guerrero negro,10.0,MX,1586638925,49.0,27.98,-114.06,67.06,17.31
hokitika,100.0,NZ,1586638926,77.0,-42.72,170.97,56.34,10.85
aklavik,20.0,CA,1586638655,66.0,68.22,-135.01,15.8,9.17
kapaa,40.0,US,1586638926,69.0,22.08,-159.32,78.8,6.93
fortuna,40.0,US,1586638927,87.0,40.6,-124.16,57.99,13.87
luderitz,0.0,NA,1586638708,100.0,-26.65,15.16,55.4,11.41
mogadishu,1.0,SO,1586638927,72.0,2.04,45.34,84.16,12.64
banda aceh,46.0,ID,1586638792,80.0,5.56,95.32,80.22,3.96
bredasdorp,100.0,ZA,1586638749,68.0,-34.53,20.04,69.01,5.82
airai,98.0,TL,1586638747,72.0,-8.93,125.41,60.13,1.01
dandong,0.0,CN,1586638929,58.0,40.13,124.39,43.02,3.96
clyde river,75.0,CA,1586638930,84.0,70.47,-68.59,6.8,14.99
mul,0.0,IN,1586638931,15.0,20.07,79.67,82.9,2.64
khasan,67.0,RU,1586638931,85.0,42.43,130.64,35.1,2.82
mar del plata,37.0,AR,1586638931,56.0,-38.0,-57.56,71.01,12.75
jamestown,1.0,US,1586638830,48.0,42.1,-79.24,48.0,14.99
khatanga,32.0,RU,1586638932,93.0,71.97,102.5,-1.05,8.01
bonavista,25.0,CA,1586638932,75.0,48.65,-53.11,36.0,15.01
hilo,1.0,US,1586638767,61.0,19.73,-155.09,82.4,5.82
ponta do sol,75.0,PT,1586638933,77.0,32.67,-17.1,60.8,13.87
coihaique,40.0,CL,1586638933,53.0,-45.58,-72.07,51.8,5.82
lebu,0.0,CL,1586638934,55.0,-37.62,-73.65,57.85,16.91
alofi,75.0,NU,1586638903,78.0,-19.06,-169.92,78.8,6.93
lengerich,89.0,DE,1586638934,66.0,52.18,7.87,55.99,2.24
bashtanka,36.0,UA,1586638935,57.0,47.41,32.44,44.58,8.16
qaanaaq,91.0,GL,1586638935,75.0,77.48,-69.36,14.05,2.35
lashio,72.0,MM,1586638936,40.0,22.93,97.75,63.27,1.54
moville,90.0,US,1586638937,37.0,42.49,-96.07,60.01,8.1
berlevag,79.0,NO,1586638937,90.0,70.86,29.09,25.02,3.24
vaini,20.0,TO,1586638938,78.0,-21.2,-175.2,75.2,2.24
mulchen,0.0,CL,1586638938,37.0,-37.72,-72.23,69.8,12.75
provideniya,100.0,RU,1586638939,94.0,64.38,-173.3,31.89,4.63
saskylakh,19.0,RU,1586638745,90.0,71.92,114.08,0.82,14.94
lichinga,85.0,MZ,1586638940,73.0,-13.31,35.24,59.29,3.11
atuona,64.0,PF,1586638940,68.0,-9.8,-139.03,82.8,7.47
jiwani,44.0,PK,1586638940,83.0,25.05,61.74,77.63,5.48
bambous virieux,75.0,MU,1586638941,83.0,-20.34,57.76,77.0,16.11
nanortalik,100.0,GL,1586638941,72.0,60.14,-45.24,37.58,28.25
kenai,1.0,US,1586638941,47.0,60.55,-151.26,35.6,13.87
ilulissat,75.0,GL,1586638942,68.0,69.22,-51.1,30.2,10.29
necochea,85.0,AR,1586638942,65.0,-38.55,-58.74,71.01,4.0
tasiilaq,72.0,GL,1586638942,50.0,65.61,-37.64,30.2,9.17
mecca,1.0,SA,1586638943,43.0,21.43,39.83,67.93,5.12
dali,27.0,CN,1586638943,28.0,25.7,100.18,47.32,2.21
luanda,71.0,AO,1586638834,82.0,-8.84,13.23,79.32,4.79
shakhtinsk,93.0,KZ,1586638944,74.0,49.71,72.59,35.6,6.71
leshan,61.0,CN,1586638944,58.0,29.56,103.76,57.74,3.27
san cristobal,40.0,VE,1586638944,41.0,7.77,-72.22,93.2,23.04
sayansk,94.0,RU,1586638945,79.0,54.11,102.16,30.54,5.61
saldanha,98.0,ZA,1586638945,88.0,-33.01,17.94,62.6,11.41
castro,13.0,BR,1586638783,66.0,-24.79,-50.01,60.94,2.33
bluff,100.0,NZ,1586638945,71.0,-46.6,168.33,55.0,3.0
tandil,83.0,AR,1586638814,50.0,-37.32,-59.13,69.01,1.99
gonen,55.0,TR,1586638946,87.0,40.1,27.65,51.8,11.41
genhe,8.0,CN,1586638946,60.0,50.78,121.52,33.21,1.45
tiksi,37.0,RU,1586638947,93.0,71.69,128.87,13.08,17.74
uyuni,0.0,BO,1586638947,8.0,-20.46,-66.83,57.69,18.88
severo-kurilsk,63.0,RU,1586638947,93.0,50.68,156.12,29.23,8.57
periyanayakkanpalaiyam,0.0,IN,1586638948,54.0,11.15,76.93,76.51,2.04
ateli,6.0,IN,1586638948,26.0,28.1,76.28,80.22,6.29
nikolskoye,5.0,RU,1586638948,92.0,59.7,30.79,30.2,4.47
port-gentil,100.0,GA,1586638949,87.0,-0.72,8.78,78.13,11.99
ketchikan,1.0,US,1586638949,31.0,55.34,-131.65,48.2,17.22
georgetown,20.0,MY,1586638746,88.0,5.41,100.34,82.4,3.36
barrow,90.0,US,1586638950,84.0,71.29,-156.79,3.2,10.29
dikson,100.0,RU,1586638950,96.0,73.51,80.55,14.29,10.11
zanjan,95.0,IR,1586638686,39.0,36.67,48.48,42.87,5.41
hofn,92.0,IS,1586638950,79.0,64.25,-15.21,37.26,20.11
salalah,40.0,OM,1586638722,74.0,17.02,54.09,82.4,10.29
longyearbyen,20.0,SJ,1586638663,70.0,78.22,15.64,-4.0,4.7
caraquet,75.0,CA,1586638952,48.0,47.79,-64.94,42.01,12.75
lubango,4.0,AO,1586638952,55.0,-14.92,13.49,60.01,2.19
todos santos,40.0,MX,1586638772,44.0,23.45,-110.22,78.01,11.41
prieska,5.0,ZA,1586638953,29.0,-29.66,22.75,75.2,12.75
mariental,0.0,NA,1586638953,18.0,-24.63,17.97,76.82,9.6
bukachacha,0.0,RU,1586638953,54.0,52.98,116.92,36.46,1.45
semirom,66.0,IR,1586638731,41.0,31.42,51.57,42.94,9.31
talnakh,75.0,RU,1586638954,80.0,69.49,88.4,35.6,29.08
mabaruma,100.0,GY,1586638955,63.0,8.2,-59.78,82.15,8.14
buchanan,45.0,LR,1586638955,85.0,5.88,-10.05,80.04,3.49
hambantota,26.0,LK,1586638955,81.0,6.12,81.12,80.82,10.56
port alfred,77.0,ZA,1586638956,92.0,-33.59,26.89,68.0,3.0
leningradskiy,94.0,RU,1586638956,87.0,69.38,178.42,12.81,3.98
dingle,10.0,PH,1586638956,78.0,11.0,122.67,76.33,5.44
geraldton,9.0,AU,1586638956,93.0,-28.77,114.6,66.2,6.93
tuktoyaktuk,90.0,CA,1586638957,84.0,69.45,-133.04,1.4,6.93
talladega,1.0,US,1586638958,32.0,33.44,-86.11,75.0,4.7
sao joao da barra,90.0,BR,1586638958,88.0,-21.64,-41.05,71.6,13.87
zambezi,29.0,ZM,1586638959,69.0,-13.54,23.1,65.17,4.85
batticaloa,4.0,LK,1586638959,79.0,7.71,81.69,80.24,2.68
bambanglipuro,93.0,ID,1586638959,79.0,-7.95,110.28,77.74,2.37
brae,100.0,GB,1586638960,93.0,60.4,-1.35,46.4,28.86
santa rosa,40.0,PH,1586638960,74.0,14.31,121.11,82.4,2.24
ahipara,90.0,NZ,1586638960,77.0,-35.17,173.17,65.52,14.65
el tarra,34.0,CO,1586638760,49.0,8.58,-73.09,90.64,3.15
caravelas,62.0,BR,1586638961,85.0,-17.71,-39.25,79.21,11.05
cabo san lucas,75.0,MX,1586638804,55.0,22.89,-109.91,78.01,20.8
tamiahua,40.0,MX,1586638961,77.0,21.27,-97.45,84.0,12.8
vila velha,75.0,BR,1586638920,83.0,-20.33,-40.29,78.01,9.17
walker,90.0,US,1586638962,69.0,30.73,-95.57,75.99,8.05
touba,37.0,CI,1586638836,58.0,8.28,-7.68,79.32,4.63
tagusao,3.0,PH,1586638963,79.0,9.19,117.81,79.9,1.39
muros,75.0,ES,1586638963,93.0,42.78,-9.06,57.0,6.93
dunedin,100.0,NZ,1586638804,93.0,-45.87,170.5,54.0,1.01
marsa matruh,0.0,EG,1586638964,73.0,31.35,27.25,60.67,5.88
ancud,20.0,CL,1586638964,62.0,-41.87,-73.82,53.6,4.7
lompoc,20.0,US,1586638964,77.0,34.64,-120.46,71.01,17.22
hirara,90.0,JP,1586638964,83.0,24.8,125.28,68.74,29.24
pisco,0.0,PE,1586638965,30.0,-13.7,-76.22,75.0,8.05
karasburg,0.0,NA,1586638965,18.0,-28.02,18.75,67.73,9.51
uruzgan,99.0,AF,1586638966,41.0,32.83,66.0,53.24,1.5
hobart,75.0,AU,1586638966,57.0,-42.88,147.33,51.8,8.05
salamiyah,0.0,SY,1586638967,78.0,35.01,37.05,50.72,7.07
upernavik,100.0,GL,1586638967,89.0,72.79,-56.15,20.88,0.98
labuhan,57.0,ID,1586638967,85.0,-6.88,112.21,76.96,3.91
thompson,90.0,CA,1586638968,68.0,55.74,-97.86,26.6,10.29
albany,75.0,US,1586638968,34.0,42.6,-73.97,48.2,14.99
road town,1.0,VG,1586638929,66.0,18.42,-64.62,84.2,8.05
evensk,100.0,RU,1586638969,89.0,61.95,159.23,8.92,4.0
bac lieu,3.0,VN,1586638905,75.0,9.29,105.72,79.83,5.99
pavlovsk,27.0,RU,1586638970,70.0,50.46,40.11,39.09,9.86
portland,40.0,US,1586638565,47.0,45.52,-122.68,61.0,3.36
bikin,20.0,RU,1586638970,79.0,46.82,134.26,31.8,2.86
ipswich,18.0,GB,1586638971,62.0,52.06,1.16,60.01,6.93
avarua,96.0,CK,1586638971,83.0,-21.21,-159.78,84.2,6.93
chuy,33.0,UY,1586638965,66.0,-33.7,-53.46,65.95,7.0
aracati,93.0,BR,1586638972,83.0,-4.56,-37.77,80.71,8.9
saint george,1.0,US,1586638856,36.0,37.1,-113.58,69.01,4.7
sao filipe,86.0,CV,1586638973,73.0,14.9,-24.5,75.61,12.48
nelson bay,4.0,AU,1586638743,71.0,-32.72,152.15,55.99,9.17
norman wells,75.0,CA,1586638973,63.0,65.28,-126.83,26.6,11.41
margate,34.0,GB,1586638974,87.0,51.38,1.39,60.01,3.36
zapolyarnyy,20.0,RU,1586638974,73.0,69.42,30.81,21.2,14.99
lazaro cardenas,56.0,MX,1586638742,55.0,17.96,-102.2,85.42,8.43
esperantina,99.0,BR,1586638936,91.0,-3.9,-42.23,77.77,4.41
kavieng,99.0,PG,1586638975,73.0,-2.57,150.8,83.55,4.92
cravo norte,86.0,CO,1586638975,50.0,6.3,-70.2,90.66,6.8
snezhnogorsk,81.0,RU,1586638975,78.0,69.19,33.25,17.6,2.24
artyom,67.0,AZ,1586638976,93.0,40.47,50.33,46.4,7.99
aripuana,40.0,BR,1586638931,80.0,-9.17,-60.63,83.1,0.96
carinhanha,66.0,BR,1586638977,73.0,-14.3,-43.77,77.47,0.65
pangody,100.0,RU,1586638977,95.0,65.85,74.49,23.79,11.03
deputatskiy,79.0,RU,1586638977,93.0,69.3,139.9,23.14,15.84
kamaishi,10.0,JP,1586638977,66.0,39.27,141.88,42.12,5.84
amapa,100.0,BR,1586638978,93.0,1.0,-52.0,76.15,3.53
nanga eboko,98.0,CM,1586638978,72.0,4.68,12.37,66.96,2.01
victoria,40.0,HK,1586638740,72.0,22.29,114.16,66.99,16.11
san francisco,90.0,US,1586638610,76.0,37.77,-122.42,66.99,5.82
isangel,20.0,VU,1586638826,94.0,-19.55,169.27,71.6,6.15
verkhniye kigi,68.0,RU,1586638979,79.0,55.41,58.6,36.12,5.03
east london,94.0,ZA,1586638980,67.0,-33.02,27.91,74.39,3.02
egvekinot,0.0,RU,1586638980,82.0,66.32,-179.17,15.24,1.83
camacupa,71.0,AO,1586638980,63.0,-12.02,17.48,62.33,2.26
yerbogachen,5.0,RU,1586638981,94.0,61.28,108.01,24.48,5.55
pita,98.0,GN,1586638981,54.0,10.83,-12.58,79.02,5.19
humboldt,40.0,US,1586638982,87.0,40.67,-123.92,57.99,13.87
ambulu,75.0,ID,1586638982,79.0,-8.35,113.61,76.78,2.89
ipixuna,75.0,BR,1586638983,100.0,-1.76,-48.8,75.2,3.36
jacareacanga,90.0,BR,1586638983,77.0,-6.22,-57.75,80.91,2.77
nago,90.0,JP,1586638983,94.0,26.59,127.98,69.8,12.75
ubinskoye,9.0,RU,1586638984,96.0,55.31,79.68,28.69,6.96
bang saphan,7.0,TH,1586638984,86.0,11.21,99.51,77.63,2.24
balkanabat,0.0,TM,1586638984,57.0,39.51,54.37,56.07,7.27
saint anthony,75.0,US,1586638749,21.0,45.02,-93.22,61.0,5.82
asau,59.0,RO,1586638985,48.0,46.43,26.4,45.0,2.24
katsuura,75.0,JP,1586638986,93.0,35.13,140.3,50.0,14.99
dakar,0.0,SN,1586638829,83.0,14.69,-17.44,77.0,6.93
te anau,56.0,NZ,1586638986,67.0,-45.42,167.72,55.45,5.06
dromolaxia,0.0,CY,1586638987,82.0,34.88,33.59,61.0,4.7
cherskiy,100.0,RU,1586638987,96.0,68.75,161.3,13.78,12.44
vallam,20.0,IN,1586638987,83.0,10.72,79.08,80.6,4.7
parabel,3.0,RU,1586638988,98.0,58.7,81.48,30.43,5.82
kralendijk,100.0,BQ,1586638819,66.0,12.15,-68.27,86.0,26.4
naze,75.0,JP,1586638988,93.0,28.37,129.48,66.2,17.22
gweru,90.0,ZW,1586638989,48.0,-19.45,29.82,59.18,5.66
srandakan,92.0,ID,1586638989,78.0,-7.94,110.25,78.01,2.53
souillac,75.0,MU,1586638764,83.0,-20.52,57.52,77.0,16.11
sao felix do xingu,69.0,BR,1586638989,88.0,-6.64,-51.99,79.12,0.63
teahupoo,100.0,PF,1586638990,66.0,-17.83,-149.27,87.8,3.36
gat,20.0,IL,1586638991,82.0,31.61,34.76,57.99,4.7
lagoa,0.0,PT,1586638991,75.0,39.05,-27.98,61.66,10.47
yulara,100.0,AU,1586638992,28.0,-25.24,130.99,57.2,5.82
burnie,24.0,AU,1586638992,64.0,-41.07,145.92,52.0,11.01
huarmey,53.0,PE,1586638837,64.0,-10.07,-78.15,79.03,9.73
flin flon,75.0,CA,1586638813,45.0,54.77,-101.86,23.0,16.11
davila,20.0,PH,1586638993,84.0,18.47,120.58,77.29,6.06
coquimbo,85.0,CL,1586638994,72.0,-29.95,-71.34,62.6,8.05
cabedelo,20.0,BR,1586638994,74.0,-6.98,-34.83,84.2,10.29
kpandu,95.0,GH,1586638994,73.0,7.0,0.29,80.33,5.97
waiblingen,0.0,DE,1586638950,61.0,48.83,9.32,57.0,2.24
mackenzie,1.0,CA,1586638995,29.0,55.3,-123.17,33.8,10.29
namibe,0.0,AO,1586638785,61.0,-15.2,12.15,77.59,3.62
skelleftea,92.0,SE,1586638996,68.0,64.75,20.95,30.99,6.93
ludza,32.0,LV,1586638996,78.0,56.55,27.72,35.06,6.2
esperance,98.0,AU,1586638997,64.0,-33.87,121.9,68.0,19.46
fairbanks,1.0,US,1586638997,47.0,64.84,-147.72,37.4,8.05
amuntai,99.0,ID,1586638997,96.0,-2.42,115.25,73.13,0.54
perth,100.0,AU,1586638872,94.0,-31.93,115.83,73.0,4.7
ambilobe,0.0,MG,1586638998,84.0,-13.2,49.05,73.67,4.72
cockburn town,0.0,TC,1586638968,69.0,21.46,-71.14,80.69,10.11
san carlos de bariloche,0.0,AR,1586638885,35.0,-41.15,-71.31,57.2,17.22
umm lajj,1.0,SA,1586638999,51.0,25.02,37.27,69.55,7.45
tikrit,26.0,IQ,1586639000,42.0,34.61,43.68,65.98,2.08
arraial do cabo,75.0,BR,1586638841,88.0,-22.97,-42.03,71.6,4.7
pozo colorado,0.0,PY,1586639001,37.0,-23.49,-58.8,78.71,2.48
port hardy,20.0,CA,1586638772,70.0,50.7,-127.42,48.2,3.36
lasa,5.0,IT,1586639001,65.0,46.62,10.7,66.2,5.82
petrovac,16.0,RS,1586639002,60.0,44.38,21.42,50.0,1.45
nalut,2.0,LY,1586639002,24.0,30.33,10.85,68.76,18.1
leshukonskoye,94.0,RU,1586639003,97.0,64.9,45.76,23.07,3.69
rybnoye,99.0,RU,1586639003,90.0,54.73,39.51,35.01,8.01
ucluelet,5.0,CA,1586638813,66.0,48.93,-125.55,60.01,10.29
torbay,75.0,CA,1586639003,55.0,47.67,-52.73,39.99,27.51
havoysund,65.0,NO,1586639004,92.0,71.0,24.66,28.4,9.17
pandan,88.0,PH,1586639004,77.0,14.05,124.17,80.13,5.3
lorengau,58.0,PG,1586638966,75.0,-2.02,147.27,82.27,1.25
mount gambier,90.0,AU,1586639004,71.0,-37.83,140.77,51.8,6.93
lethem,95.0,GY,1586638985,40.0,3.38,-59.8,92.1,11.32
kimbe,10.0,PG,1586639005,86.0,-5.55,150.14,77.67,2.46
codrington,98.0,AU,1586638838,71.0,-38.27,141.97,53.02,11.23
alexandria,0.0,EG,1586638981,63.0,31.22,29.96,64.4,5.82
hamilton,75.0,US,1586639006,25.0,39.18,-84.53,64.0,9.17
steamboat springs,75.0,US,1586639006,22.0,40.48,-106.83,62.6,9.17
faanui,56.0,PF,1586639007,77.0,-16.48,-151.75,82.6,12.66
pangnirtung,100.0,CA,1586639007,89.0,66.15,-65.71,26.82,3.42
itarema,100.0,BR,1586639007,84.0,-2.92,-39.92,80.35,6.38
eufaula,1.0,US,1586638872,27.0,31.89,-85.15,75.2,5.82
gallup,75.0,US,1586639008,13.0,35.53,-108.74,62.6,8.05
antsohihy,0.0,MG,1586639008,73.0,-14.88,47.99,76.64,8.37
shelburne,90.0,CA,1586639009,48.0,44.08,-80.2,48.99,4.7
praia da vitoria,20.0,PT,1586639009,77.0,38.73,-27.07,64.4,11.27
jalu,12.0,LY,1586639009,29.0,29.03,21.55,64.24,6.96
roma,75.0,US,1586638865,39.0,43.21,-75.46,46.4,18.34
ballina,0.0,AU,1586638767,93.0,-28.87,153.57,63.0,13.15
trairi,100.0,BR,1586639010,81.0,-3.28,-39.27,81.64,7.43
chokurdakh,99.0,RU,1586639011,98.0,70.63,147.92,27.21,13.85
maymyo,59.0,MM,1586639011,42.0,22.03,96.47,66.88,1.41
port elizabeth,89.0,ZA,1586639011,63.0,-33.92,25.57,60.8,6.93
bilibino,92.0,RU,1586639012,90.0,68.05,166.44,10.0,1.25
baraboo,90.0,US,1586638763,37.0,43.47,-89.74,57.2,6.93
columbus,75.0,US,1586638902,37.0,39.96,-83.0,59.0,11.41
saint-joseph,29.0,RE,1586639006,78.0,-21.37,55.62,73.4,5.82
chapais,90.0,CA,1586638963,63.0,49.78,-74.85,28.4,10.29
ajdabiya,38.0,LY,1586639013,55.0,30.76,20.23,61.2,10.51
kiama,0.0,AU,1586639013,61.0,-34.68,150.87,54.0,13.87
la ronge,90.0,CA,1586639014,52.0,55.1,-105.28,19.4,17.22
tugulym,23.0,RU,1586639014,55.0,57.06,64.64,39.2,6.71
kununurra,90.0,AU,1586639015,78.0,-15.77,128.73,77.0,5.82
nioro,3.0,GM,1586639015,47.0,13.35,-15.75,79.56,10.54
zhaozhou,36.0,CN,1586639015,57.0,45.68,125.32,40.95,4.32
changtu,0.0,CN,1586639016,61.0,42.78,124.1,40.55,6.73
honiara,75.0,SB,1586639016,100.0,-9.43,159.95,75.2,4.59
waipawa,55.0,NZ,1586638959,77.0,-41.41,175.52,60.8,24.16
sitka,20.0,US,1586639017,56.0,57.05,-135.33,42.8,5.82
palmer,75.0,US,1586639017,31.0,42.16,-72.33,52.0,21.92
aban,0.0,RU,1586639017,91.0,56.67,96.06,29.97,4.21
illapel,99.0,CL,1586639018,47.0,-31.63,-71.17,68.67,6.73
lata,75.0,PT,1586639018,87.0,40.16,-8.33,59.0,6.93
emerald,0.0,AU,1586639018,52.0,-23.53,148.17,66.2,4.7
polovinnoye,100.0,RU,1586639019,74.0,54.79,65.99,39.7,6.08
hay river,40.0,CA,1586638883,57.0,60.82,-115.8,17.6,8.05
waingapu,53.0,ID,1586639019,77.0,-9.66,120.26,77.94,5.7
loa janan,99.0,ID,1586639020,96.0,-0.58,117.09,73.89,2.13
roald,100.0,NO,1586638901,76.0,62.58,6.13,48.2,13.87
preobrazheniye,9.0,RU,1586639021,92.0,42.9,133.91,30.29,3.49
vao,27.0,NC,1586638909,74.0,-22.67,167.48,76.19,15.46
mount hagen,40.0,PG,1586639021,93.0,-5.86,144.23,59.0,2.1
tornio,72.0,FI,1586639022,86.0,65.85,24.15,26.6,5.82
kachiry,31.0,KZ,1586639022,59.0,53.07,76.1,44.02,6.6
mehran,20.0,IR,1586639022,66.0,33.12,46.16,48.2,2.24
plettenberg bay,100.0,ZA,1586639023,59.0,-34.05,23.37,64.06,2.53
pitea,100.0,SE,1586639023,86.0,65.32,21.48,30.99,4.7
gunjur,1.0,GM,1586639023,77.0,13.2,-16.73,72.86,9.91
resistencia,0.0,AR,1586639024,30.0,-27.46,-58.98,80.6,8.05
oliveira dos brejinhos,94.0,BR,1586639024,77.0,-12.32,-42.9,73.92,1.79
russell,1.0,US,1586639025,27.0,32.35,-85.2,75.2,5.82
comodoro rivadavia,0.0,AR,1586638765,31.0,-45.87,-67.5,64.4,13.87
grindavik,75.0,IS,1586639026,80.0,63.84,-22.43,44.6,19.46
mutoko,99.0,ZW,1586639026,60.0,-17.4,32.23,60.91,2.64
inhambane,64.0,MZ,1586639026,80.0,-23.86,35.38,73.53,3.89
hasaki,75.0,JP,1586639026,100.0,35.73,140.83,45.0,5.82
kayseri,20.0,TR,1586639027,64.0,38.74,35.5,37.4,1.12
emba,0.0,KZ,1586639027,57.0,48.83,58.14,42.19,8.3
collie,100.0,AU,1586639027,63.0,-33.37,116.15,71.01,3.83
la macarena,81.0,CO,1586639027,61.0,2.18,-73.78,86.16,3.56
pergamino,16.0,AR,1586639028,44.0,-33.89,-60.57,75.99,1.99
huilong,10.0,CN,1586639028,85.0,31.81,121.66,53.01,16.55
skibotn,75.0,NO,1586639029,92.0,69.39,20.27,32.0,21.92
hualmay,36.0,PE,1586639029,66.0,-11.1,-77.61,77.05,9.98
osorno,13.0,CL,1586639029,50.0,-40.57,-73.15,57.2,9.17
nizwa,6.0,OM,1586638759,30.0,22.93,57.53,78.33,5.37
sawtell,1.0,AU,1586639030,54.0,-30.38,153.1,59.0,8.05
kulhudhuffushi,40.0,MV,1586639031,65.0,6.62,73.07,85.68,7.11
feijo,75.0,BR,1586639031,75.0,-8.16,-70.35,83.08,0.4
zhicheng,0.0,CN,1586639031,91.0,30.3,111.5,45.0,4.92
inirida,20.0,CO,1586638808,65.0,3.87,-67.92,86.95,4.07
vila real de santo antonio,81.0,PT,1586639032,88.0,37.2,-7.42,64.0,5.82
poya,46.0,NC,1586639032,71.0,-21.35,165.15,75.92,5.23
nhulunbuy,42.0,AU,1586639033,80.0,-12.23,136.77,82.04,10.2
mahibadhoo,8.0,MV,1586638921,68.0,3.78,72.97,83.79,2.48
krasnyy chikoy,7.0,RU,1586639033,49.0,50.36,108.75,38.07,3.94
vredendal,80.0,ZA,1586639034,85.0,-31.67,18.5,65.71,7.47
chukhloma,81.0,RU,1586639034,90.0,58.75,42.68,27.28,5.64
kananga,99.0,CD,1586639034,78.0,-5.9,22.42,73.0,3.8
xining,4.0,CN,1586638836,25.0,36.62,101.77,34.81,1.48
kuldur,0.0,RU,1586639035,76.0,49.22,131.63,32.63,1.34
pacifica,90.0,US,1586638981,87.0,37.61,-122.49,68.0,4.7
agadez,46.0,NE,1586639036,14.0,19.75,10.25,81.36,5.46
biggar,40.0,GB,1586638780,66.0,55.62,-3.52,54.0,12.75
omuta,90.0,JP,1586639037,93.0,33.03,130.45,48.99,1.12
male,75.0,MV,1586638878,79.0,4.17,73.51,86.0,3.36
sidi ali,100.0,DZ,1586639037,71.0,36.1,0.42,59.95,10.78
avera,1.0,US,1586639037,31.0,33.19,-82.53,75.99,5.82
tanabe,100.0,JP,1586639038,63.0,33.73,135.37,52.0,1.01
meridian,1.0,US,1586638806,31.0,43.61,-116.39,66.2,24.16
luganville,40.0,VU,1586638867,100.0,-15.53,167.17,75.2,4.9
phalombe,51.0,MW,1586639039,75.0,-15.81,35.65,62.56,1.34
nome,40.0,US,1586639039,86.0,64.5,-165.41,26.6,11.41
bokovskaya,0.0,RU,1586639040,73.0,49.23,41.83,38.05,9.24
gbarnga,0.0,LR,1586639040,83.0,7.0,-9.47,75.65,3.6
aleksandrovsk-sakhalinskiy,99.0,RU,1586639041,96.0,50.9,142.16,28.42,13.33
tual,83.0,ID,1586639041,70.0,-5.67,132.75,83.46,0.98
goma,88.0,CD,1586639041,52.0,-1.68,29.22,64.67,2.84
kraskino,62.0,RU,1586639041,86.0,42.71,130.78,34.81,1.97
karratha,0.0,AU,1586638847,50.0,-20.74,116.85,81.37,8.28
sabang,37.0,ID,1586639042,76.0,5.89,95.32,82.96,6.87
husavik,75.0,IS,1586639043,69.0,66.04,-17.34,35.6,34.45
kargasok,65.0,RU,1586639043,94.0,59.06,80.86,33.08,5.88
orotukan,97.0,RU,1586639043,91.0,62.27,151.7,20.5,2.39
raudeberg,100.0,NO,1586639044,100.0,61.99,5.14,46.0,21.92
sioux lookout,90.0,CA,1586639044,69.0,50.1,-91.92,33.8,12.75
ondjiva,86.0,AO,1586639044,62.0,-17.07,15.73,68.47,5.55
mianyang,0.0,CN,1586639044,48.0,31.46,104.75,54.54,4.05
byron bay,0.0,AU,1586639045,93.0,-28.65,153.62,64.99,10.63
smithers,5.0,CA,1586639046,30.0,54.78,-127.17,41.0,2.24
bara,100.0,NG,1586639046,14.0,10.37,10.73,86.2,4.03
mount isa,7.0,AU,1586639046,24.0,-20.73,139.5,68.0,8.05
lakes entrance,90.0,AU,1586639046,77.0,-37.88,147.98,55.56,17.98
mahebourg,75.0,MU,1586639047,83.0,-20.41,57.7,77.0,16.11
oranjemund,27.0,NA,1586639047,92.0,-28.55,16.43,59.38,1.83
pemangkat,76.0,ID,1586639047,86.0,1.17,108.97,76.6,7.07
kruisfontein,89.0,ZA,1586638807,54.0,-34.0,24.73,62.08,2.26
caririacu,72.0,BR,1586639048,78.0,-7.04,-39.28,72.57,2.46
edmond,75.0,US,1586638896,64.0,35.65,-97.48,73.4,19.46
bousso,98.0,TD,1586639048,34.0,10.48,16.71,86.5,9.19
narsaq,100.0,GL,1586639049,26.0,60.92,-46.05,48.2,36.91
maracaju,0.0,BR,1586639049,46.0,-21.61,-55.17,75.63,1.79
acajutla,96.0,SV,1586639050,76.0,13.59,-89.83,86.0,5.01
shubarshi,5.0,KZ,1586639050,57.0,48.59,57.19,42.96,8.05
aquiraz,20.0,BR,1586639050,66.0,-3.9,-38.39,86.0,9.17
antibes,0.0,FR,1586639051,58.0,43.56,7.13,59.0,9.17
ardakan,40.0,IR,1586639051,31.0,32.31,54.02,73.4,13.87
mirebalais,20.0,HT,1586639051,59.0,18.83,-72.11,89.6,10.29
abha,22.0,SA,1586639052,63.0,18.22,42.51,64.4,1.99
coracora,2.0,PE,1586639052,17.0,-15.03,-73.78,59.41,10.25
chardara,100.0,KZ,1586639052,70.0,41.25,67.97,58.48,11.21
bonthe,89.0,SL,1586638983,75.0,7.53,-12.51,82.65,8.08
tuatapere,81.0,NZ,1586639053,71.0,-46.13,167.68,55.0,3.0
pedasi,22.0,PA,1586639053,65.0,7.53,-80.03,85.53,9.64
adrar,0.0,MR,1586638798,12.0,20.5,-10.07,85.59,10.56
walvis bay,0.0,NA,1586639054,73.0,-22.96,14.51,73.0,7.9
chara,100.0,RU,1586639055,59.0,56.91,118.26,33.85,2.04
constitucion,60.0,CL,1586639055,65.0,-35.33,-72.42,60.35,13.62
birjand,40.0,IR,1586639055,55.0,32.87,59.22,64.4,13.87
popova,75.0,RU,1586639055,80.0,42.96,131.72,33.8,6.71
tiznit,99.0,MA,1586639056,70.0,29.58,-9.5,59.23,3.91
abilene,90.0,US,1586638770,64.0,32.45,-99.73,80.6,14.99
mnogovershinnyy,78.0,RU,1586639057,93.0,53.94,139.92,27.88,8.5
sinjar,0.0,IQ,1586639057,60.0,36.32,41.88,54.57,2.86
havre-saint-pierre,90.0,CA,1586639057,41.0,50.23,-63.6,39.2,9.17
atasu,82.0,KZ,1586639057,52.0,48.68,71.64,42.3,9.19
mayo,20.0,US,1586638768,28.0,38.89,-76.51,63.0,12.75
aykhal,89.0,RU,1586638973,73.0,66.0,111.5,24.8,8.95
tete,20.0,MZ,1586639058,61.0,-16.16,33.59,77.0,6.93
palaikastron,0.0,GR,1586639058,44.0,35.2,26.25,62.01,8.99
kaitangata,92.0,NZ,1586639059,92.0,-46.28,169.85,52.0,1.99
tallahassee,75.0,US,1586638991,23.0,30.44,-84.28,77.0,8.05
turukhansk,100.0,RU,1586638807,94.0,65.82,87.98,34.59,18.48
hervey bay,40.0,AU,1586638860,60.0,-25.3,152.85,68.0,5.82
kavaratti,0.0,IN,1586639060,68.0,10.57,72.64,84.34,3.31
abnub,0.0,EG,1586639060,45.0,27.27,31.15,64.4,6.93
saint-georges,20.0,GD,1586639061,66.0,12.06,-61.75,86.0,17.22
myanaung,42.0,MM,1586639061,71.0,18.28,95.32,72.32,1.36
senador pompeu,50.0,BR,1586639061,85.0,-5.59,-39.37,77.59,3.67
beruwala,5.0,LK,1586639062,78.0,6.48,79.98,80.29,0.63
grand gaube,75.0,MU,1586639062,83.0,-20.01,57.66,77.0,16.11
ewa beach,75.0,US,1586639062,65.0,21.32,-158.01,82.4,6.93
san patricio,20.0,MX,1586638822,74.0,19.22,-104.7,86.0,17.22
jardim,0.0,BR,1586639014,47.0,-21.48,-56.14,75.61,2.44
vilyuysk,99.0,RU,1586639063,97.0,63.76,121.62,29.97,9.78
charters towers,93.0,AU,1586639063,48.0,-20.1,146.27,71.4,4.27
areia branca,58.0,BR,1586638960,82.0,-4.96,-37.14,81.12,14.45
camana,86.0,PE,1586639064,75.0,-16.62,-72.71,73.8,7.4
winnemucca,20.0,US,1586639064,25.0,40.97,-117.74,64.4,12.75
romny,0.0,UA,1586639065,70.0,50.75,33.47,37.54,10.96
udachnyy,69.0,RU,1586639065,73.0,66.42,112.4,24.8,8.95
razole,0.0,IN,1586639065,93.0,16.48,81.83,76.33,1.41
mareeba,75.0,AU,1586639066,94.0,-17.0,145.43,73.4,1.77
coahuayana,5.0,MX,1586639066,45.0,18.73,-103.68,86.0,11.41
moranbah,22.0,AU,1586639066,43.0,-22.0,148.05,69.3,6.69
kautokeino,100.0,NO,1586639067,89.0,69.01,23.04,18.99,8.77
vardo,61.0,NO,1586638984,89.0,70.37,31.11,27.61,4.99
katherine,40.0,AU,1586639068,88.0,-14.47,132.27,73.4,4.7
vostok,69.0,RU,1586639068,89.0,46.49,135.88,24.33,2.98
tanout,98.0,NE,1586639068,13.0,14.97,8.89,82.11,9.13
hatta,0.0,IN,1586639069,15.0,24.12,79.6,82.06,2.48
harlingen,75.0,US,1586638811,62.0,26.19,-97.7,89.6,14.99
esmeralda,0.0,CU,1586639070,38.0,21.85,-78.12,92.19,10.45
changji,78.0,CN,1586639070,49.0,44.02,87.32,48.2,4.47
luangwa,89.0,ZM,1586639070,68.0,-15.62,30.42,70.14,1.9
los llanos de aridane,20.0,ES,1586639070,68.0,28.66,-17.92,68.0,11.41
the valley,20.0,AI,1586639071,66.0,18.22,-63.06,86.0,10.29
pochutla,40.0,MX,1586639071,83.0,15.74,-96.47,93.99,10.29
touros,20.0,BR,1586639071,74.0,-5.2,-35.46,84.2,10.29
teguldet,0.0,RU,1586639072,95.0,57.31,88.17,29.98,4.36
spornoye,75.0,RU,1586639072,68.0,50.84,37.29,35.6,11.18
casambalangan,60.0,PH,1586639073,84.0,18.38,122.13,77.45,5.68
krasnokamensk,0.0,RU,1586639073,40.0,50.1,118.04,40.98,3.22
caconda,32.0,AO,1586639073,60.0,-13.73,15.07,60.15,2.37
carnduff,62.0,CA,1586639074,50.0,49.17,-101.8,33.01,15.01
tessalit,0.0,ML,1586639074,11.0,20.2,1.01,84.04,4.94
voh,70.0,NC,1586639074,72.0,-20.97,164.7,75.97,5.03
boguchar,6.0,RU,1586639075,71.0,49.94,40.55,37.99,8.19
wakkanai,44.0,JP,1586639075,85.0,45.41,141.67,33.15,9.75
amahai,0.0,ID,1586639075,77.0,-3.33,128.92,79.48,3.89
goderich,1.0,CA,1586638872,55.0,43.75,-81.72,53.01,15.01
nishihara,90.0,JP,1586639076,88.0,26.18,127.76,69.8,5.82
carballo,90.0,ES,1586639076,93.0,43.21,-8.69,57.0,2.24
yemtsa,5.0,RU,1586639078,93.0,63.07,40.33,22.84,3.49
verkhnyaya inta,10.0,RU,1586639078,94.0,65.98,60.31,14.11,5.93
gambela,45.0,ET,1586639078,55.0,8.25,34.58,79.66,4.5
magna,75.0,US,1586639079,27.0,40.71,-112.1,64.4,13.87
kutum,9.0,SD,1586639079,15.0,14.2,24.67,69.69,9.73
novyy urengoy,100.0,RU,1586639079,95.0,66.08,76.63,34.29,13.22
norwood,75.0,US,1586639080,27.0,42.19,-71.2,53.6,18.34
beringovskiy,98.0,RU,1586639080,94.0,63.05,179.32,11.26,10.49
komsomolskiy,100.0,UZ,1586639080,66.0,40.43,71.72,55.26,3.31
griffith,90.0,US,1586638989,33.0,41.53,-87.42,66.2,14.99
paka,24.0,MY,1586639081,94.0,4.64,103.44,77.0,1.12
wolfsburg,93.0,DE,1586639081,40.0,52.43,10.8,53.6,4.7
surt,4.0,LY,1586639081,56.0,31.21,16.59,60.96,12.66
ryotsu,53.0,JP,1586639082,62.0,38.08,138.43,33.8,2.24
palu,10.0,ID,1586639082,73.0,-0.89,119.87,72.59,2.08
tarakan,44.0,ID,1586639082,86.0,3.3,117.63,77.02,3.2
constantine,20.0,DZ,1586639084,93.0,36.37,6.61,53.6,4.7
pundaguitan,26.0,PH,1586639084,80.0,6.37,126.17,80.19,11.61
hazorasp,93.0,UZ,1586639084,71.0,41.32,61.07,55.4,6.93
beloha,89.0,MG,1586639085,72.0,-25.17,45.05,73.58,10.85
sibolga,94.0,ID,1586639085,76.0,1.74,98.78,78.39,2.37
limoux,90.0,FR,1586639085,77.0,42.92,2.17,59.0,11.41
alice springs,5.0,AU,1586638989,23.0,-23.7,133.88,57.2,5.82
yar-sale,30.0,RU,1586639086,93.0,66.83,70.83,12.09,8.19
beni suef,0.0,EG,1586638983,47.0,29.07,31.1,64.15,11.56
cidreira,4.0,BR,1586639086,67.0,-30.18,-50.21,67.53,7.14
nieuw amsterdam,40.0,SR,1586639087,62.0,5.88,-55.08,87.8,11.41
nyrob,100.0,RU,1586639087,95.0,60.73,56.72,31.33,5.23
ugoofaaru,11.0,MV,1586639087,69.0,5.67,73.0,84.43,4.99
jiexiu,0.0,CN,1586639088,38.0,37.02,111.91,44.02,1.72
cairns,75.0,AU,1586638949,94.0,-16.92,145.77,73.4,3.58
dzerzhinsk,100.0,RU,1586639088,51.0,56.24,43.46,41.0,11.18
faya,44.0,SA,1586638904,63.0,18.39,42.45,64.4,1.81
monrovia,5.0,LR,1586639089,81.0,6.3,-10.8,81.72,6.22
khash,96.0,IR,1586639090,22.0,28.22,61.22,70.99,7.34
nortelandia,12.0,BR,1586639090,76.0,-14.45,-56.8,79.27,2.33
opuwo,5.0,NA,1586638795,45.0,-18.06,13.84,72.28,7.74
priekule,97.0,LV,1586639091,93.0,56.45,21.59,39.2,3.36
viedma,100.0,AR,1586639091,40.0,-40.81,-63.0,62.69,13.24
tambura,100.0,SS,1586639091,81.0,5.6,27.47,70.95,4.16
glens falls,90.0,US,1586638369,33.0,43.31,-73.64,48.0,11.41
vestmannaeyjar,100.0,IS,1586639092,90.0,63.44,-20.27,43.77,11.3
belaya gora,100.0,RU,1586639092,93.0,68.53,146.42,22.91,10.4
kikwit,76.0,CD,1586639092,78.0,-5.04,18.82,73.67,1.12
porto novo,40.0,BJ,1586638930,74.0,6.5,2.6,86.0,8.05
half moon bay,90.0,US,1586639093,87.0,37.46,-122.43,68.0,4.7
doha,100.0,QA,1586638872,54.0,25.29,51.53,87.8,3.36
san policarpo,97.0,PH,1586639093,81.0,12.18,125.51,77.29,3.8
tura,0.0,IN,1586638930,32.0,25.52,90.22,72.18,4.45
sharjah,53.0,AE,1586638938,39.0,25.36,55.4,89.01,4.7
artigas,0.0,UY,1586639094,45.0,-30.4,-56.47,70.72,4.81
kletskaya,21.0,RU,1586639094,87.0,49.31,43.06,36.0,1.01
yuma,20.0,US,1586638961,52.0,32.73,-114.62,68.0,8.05
itapirapua,22.0,BR,1586639095,71.0,-15.82,-50.61,78.51,3.78
tahta,0.0,EG,1586639095,28.0,26.77,31.5,68.0,8.05
mackay,100.0,AU,1586638898,94.0,-21.15,149.2,73.0,4.7
pocone,8.0,BR,1586639096,64.0,-16.26,-56.62,83.93,2.21
trogir,42.0,HR,1586639096,42.0,43.51,16.25,64.99,3.36
fougamou,100.0,GA,1586639097,92.0,-1.22,10.58,74.71,3.49
washington,75.0,US,1586639047,35.0,47.5,-120.5,57.2,5.82
bor,100.0,RU,1586639097,51.0,56.36,44.07,41.0,11.18
srednekolymsk,90.0,RU,1586639098,96.0,67.45,153.68,21.49,11.16
ngunguru,35.0,NZ,1586639098,96.0,-35.62,174.5,62.01,1.01
lagonoy,59.0,PH,1586639099,84.0,13.73,123.52,77.41,3.36
kamenka,80.0,RU,1586639099,82.0,51.32,42.77,36.0,4.0
sand springs,75.0,US,1586639099,56.0,36.14,-96.11,71.6,10.29
iranshahr,100.0,IR,1586639018,26.0,27.2,60.68,84.2,1.83
ferme-neuve,95.0,CA,1586639100,66.0,46.7,-75.45,38.23,10.27
ratnapura,1.0,LK,1586639100,80.0,6.68,80.4,76.15,1.23
grand-lahou,100.0,CI,1586639100,81.0,5.14,-5.02,82.06,6.64
nuuk,75.0,GL,1586639101,74.0,64.18,-51.72,35.6,14.99
camargo,0.0,MX,1586639101,7.0,27.67,-105.17,86.79,23.44
coacotla,40.0,MX,1586639101,63.0,17.93,-94.67,91.4,4.52
aberdeen,93.0,GB,1586638894,58.0,57.14,-2.1,55.4,16.11
olafsvik,60.0,IS,1586639102,79.0,64.89,-23.71,37.24,28.39
klaksvik,100.0,FO,1586639102,93.0,62.23,-6.59,44.6,16.11
brandfort,0.0,ZA,1586639102,82.0,-28.7,26.46,62.6,5.82
ust-nera,65.0,RU,1586639103,87.0,64.57,143.2,17.33,4.5
port macquarie,0.0,AU,1586639103,54.0,-31.43,152.92,55.4,5.82
wagar,23.0,SD,1586639103,40.0,16.15,36.2,72.55,14.25
puerto baquerizo moreno,75.0,EC,1586639103,74.0,-0.9,-89.6,84.2,10.29
soyo,98.0,AO,1586638823,86.0,-6.13,12.37,80.62,4.23
hami,54.0,CN,1586639104,21.0,42.8,93.45,54.34,4.45
baghdad,24.0,IQ,1586639102,42.0,33.34,44.4,66.2,2.24
dubti,57.0,ET,1586639105,44.0,11.74,41.09,87.66,12.57
forio,0.0,IT,1586639105,93.0,40.73,13.86,59.0,3.36
meadow lake,1.0,US,1586638813,10.0,34.8,-106.54,71.01,8.05
bandarbeyla,16.0,SO,1586638965,73.0,9.49,50.81,81.72,10.22
phan thiet,61.0,VN,1586639106,83.0,10.93,108.1,78.21,4.16
bengkulu,37.0,ID,1586639106,81.0,-3.8,102.27,78.55,3.58
ixtapa,75.0,MX,1586639107,65.0,20.7,-105.2,80.6,11.41
burriana,100.0,ES,1586639107,71.0,39.89,-0.09,62.6,4.7
huicungo,78.0,PE,1586639108,53.0,-7.28,-76.8,84.74,2.89
bridgetown,20.0,BB,1586639045,62.0,13.1,-59.62,84.2,13.87
quatre cocos,75.0,MU,1586639108,83.0,-20.21,57.76,77.0,16.11
sabha,0.0,LY,1586639108,20.0,27.04,14.43,72.25,12.28
henties bay,5.0,NA,1586639109,73.0,-22.12,14.28,73.0,5.73
orcopampa,18.0,PE,1586639109,14.0,-15.27,-72.34,54.59,9.78
ha tinh,99.0,VN,1586638912,93.0,18.33,105.9,75.51,1.81
balkhash,6.0,KZ,1586639109,54.0,46.84,74.98,43.97,11.97
burns lake,27.0,CA,1586639110,44.0,54.23,-125.75,42.28,2.19
abbeville,1.0,FR,1586639110,71.0,50.1,1.83,60.8,2.24
malanje,92.0,AO,1586639111,70.0,-9.54,16.34,65.53,2.66
zyryanovsk,13.0,KZ,1586639111,67.0,49.74,84.27,33.48,3.74
samarinda,100.0,ID,1586639111,96.0,-0.5,117.15,73.62,2.21
ocos,40.0,GT,1586639112,44.0,14.51,-92.19,95.0,13.87
santiago del estero,0.0,AR,1586639112,42.0,-27.8,-64.26,77.9,9.19
opole lubelskie,42.0,PL,1586639112,48.0,51.15,21.97,45.0,1.12
vilhena,99.0,BR,1586639113,75.0,-12.74,-60.15,76.95,1.23
rio gallegos,75.0,AR,1586638923,53.0,-51.62,-69.22,51.8,24.16
arona,75.0,ES,1586639113,72.0,28.1,-16.68,68.0,18.34
georgiyevka,40.0,KZ,1586639114,76.0,43.04,74.71,51.8,8.95
fort nelson,40.0,CA,1586638817,27.0,58.81,-122.7,35.6,5.82
marsh harbour,10.0,BS,1586639114,76.0,26.54,-77.06,74.23,15.21
bria,100.0,CF,1586639114,76.0,6.54,21.99,74.14,3.53
shingu,100.0,JP,1586639115,63.0,33.73,135.98,50.92,6.67
derbent,44.0,RU,1586639115,64.0,42.07,48.29,50.99,6.38
kahului,20.0,US,1586639115,73.0,20.89,-156.47,77.0,19.46
atambua,91.0,ID,1586639116,80.0,-9.11,124.89,72.64,2.66
